{"train_loss": [194.88308837890625, 108.81452124023437, 77.35032098388672, 64.26745977783203, 57.84281555175781, 57.69556475830078, 55.43237097167969, 53.389015075683595, 51.91937338256836, 53.926324462890626, 52.04328717041015, 51.33585583496094, 50.57313153076172, 50.14350741577148, 49.952474670410155, 49.54544744873047, 49.68196575927735, 49.44004254150391, 49.17469720458984, 49.05489044189453, 48.69055493164063, 48.52153955078125, 48.48501696777344, 48.53665032958985, 47.87757583618164, 48.09859210205078, 48.008507720947264, 47.85426147460937, 47.60737915039063, 47.206839416503904, 47.40262884521484, 47.34413806152344, 47.22573327636719, 47.3547392578125, 47.04149038696289, 46.85329965209961, 46.434717224121094, 46.706600494384766, 46.54240069580078, 46.16713446044922, 46.8637685546875, 46.48204049682617, 46.43045281982422, 46.290085998535154, 46.40107122802734, 46.18364315795898, 46.04441256713867, 46.29843502807617, 45.88412777709961, 45.80582989501953], "val_loss": [142.26832275390626, 86.26092468261719, 65.94368270874024, 59.608594818115236, 56.25094177246094, 62.320701599121094, 51.39695693969727, 52.81899353027344, 52.71957733154297, 50.46287063598633, 49.84754547119141, 50.17523742675781, 49.95794448852539, 49.68516937255859, 49.12422729492187, 49.00649154663086, 48.82308532714844, 47.554284210205076, 47.57293182373047, 47.05116653442383, 48.1584538269043, 49.64042068481445, 47.493709106445316, 47.509446411132814, 47.080677642822266, 47.45155075073242, 46.00581909179687, 46.36260498046875, 46.20041046142578, 46.10239135742187, 46.38274154663086, 47.94270584106445, 46.79099334716797, 48.683460845947266, 48.63943206787109, 45.51015747070313, 45.731570434570315, 46.96046936035156, 47.79776672363281, 45.81252197265625, 45.88315460205078, 45.84939468383789, 46.30497299194336, 46.438335266113285, 45.765622253417966, 45.847415924072266, 48.47986236572265, 46.673345489501955, 48.560889434814456, 45.590411529541015]}