{"train_loss": [194.15451721191405, 105.49962060546875, 72.9575433959961, 61.52154299926758, 58.554764099121094, 57.197090942382815, 55.78960665893555, 54.23480615234375, 52.96991339111328, 52.853055725097654, 51.778878814697265, 52.54118133544922, 51.105165893554684, 50.64059280395508, 49.8913489074707, 50.84125784301758, 49.759376403808595, 49.728786193847654, 49.24270172119141, 48.61700311279297, 48.68325378417969, 48.53837704467774, 48.541952026367184, 48.62058908081055, 47.88251266479492, 48.21026321411133, 47.48910577392578, 47.57073956298828, 47.45471481323242, 47.72736456298828, 47.24806637573242, 47.528325714111325, 47.0419907836914, 47.30114538574219, 46.933023071289064, 46.93222457885742, 46.711605010986325, 46.52251522827149, 46.44847769165039, 46.29150924682617, 46.43879260253906, 46.403353912353516, 46.797331817626954, 46.41338858032226, 46.0847116394043, 46.280468627929686, 46.08480941772461, 46.13625717163086, 46.08285620117187, 46.31799475097656], "val_loss": [142.1763153076172, 74.84106964111328, 61.64064697265625, 57.93481475830078, 60.74625946044922, 54.539969482421874, 53.00701889038086, 53.15160079956055, 51.21778366088867, 52.88135833740235, 50.682323608398434, 51.61662826538086, 50.31314910888672, 48.91761138916016, 49.36163192749024, 51.07854339599609, 48.45506057739258, 49.266942443847654, 47.91031814575195, 47.331653900146485, 47.799171447753906, 47.952062377929686, 47.697364501953125, 46.88592300415039, 47.22198669433594, 46.14879089355469, 46.31599853515625, 45.93711288452148, 46.211318817138675, 46.51174057006836, 46.778798217773435, 47.536957550048825, 46.70312133789062, 46.16950134277344, 46.52556610107422, 45.921590118408204, 46.07214324951172, 46.382368621826174, 45.39292053222656, 46.69403778076172, 46.17658416748047, 45.431829681396486, 46.010771484375, 46.630723266601564, 45.77665191650391, 45.8516259765625, 45.96286209106445, 45.93026031494141, 46.80446334838867, 45.70732223510742]}