{
  "heatmap_resolution_32": {
    "train_loss": [
      0.013253348544239998,
      0.005374909108504653,
      0.002426194184459746,
      0.0018077600849792362,
      0.0016304851667955519,
      0.001535886224359274,
      0.001455304983071983,
      0.0014362093023955822,
      0.001402685788460076,
      0.0013728587878867984,
      0.001348100340925157,
      0.0013340858770534397,
      0.0013272464126348495,
      0.0013071765694767238,
      0.0012994434088468552,
      0.001295844241976738,
      0.0012758909072726964,
      0.001273633967153728,
      0.001272854414768517,
      0.001265099518932402,
      0.001266871511004865,
      0.0012520896401256323,
      0.0012513401675969362,
      0.0012679099766537546,
      0.0012276640990749002,
      0.0012610033573582768,
      0.0012193572279065848,
      0.0011856497684493662,
      0.0012453646464273334,
      0.0011533715501427652
    ],
    "val_loss": [
      0.009759672954678535,
      0.004410014506429433,
      0.0020428997464478015,
      0.0018342385627329349,
      0.001637819386087358,
      0.0015280656376853586,
      0.0015729319350793957,
      0.0015607831114903092,
      0.001424067532643676,
      0.001470267679542303,
      0.0014267272502183914,
      0.001354998666793108,
      0.0013547825394198299,
      0.0013952006259933113,
      0.0013704832177609204,
      0.00133949373383075,
      0.0014136117696762086,
      0.0013322697998955845,
      0.0013628678023815154,
      0.0014215993182733655,
      0.0014187029516324402,
      0.0014135403465479611,
      0.0015978150302544236,
      0.0014594613015651702,
      0.001454657413996756,
      0.0016118125384673475,
      0.001504031801596284,
      0.0016222903691232205,
      0.0015079112211242318,
      0.0015980180073529482
    ]
  },
  "heatmap_resolution_64": {
    "train_loss": [
      0.034712818790227175,
      0.0038555716685950755,
      0.003127384040504694,
      0.002855237977579236,
      0.002632088279351592,
      0.0023240989856421947,
      0.0019185116896405815,
      0.0015647188667207957,
      0.0012884917873889209,
      0.0010858725886791945,
      0.0009470993867143989,
      0.0008442468433640897,
      0.0007854566732421517,
      0.0007360920696519315,
      0.0007026090552099049,
      0.0006782716927118599,
      0.0006589345494285226,
      0.0006448619295842946,
      0.0006327408775687218,
      0.0006123103857971728,
      0.0006170082935132086,
      0.0005982456766068935,
      0.0005854409993626177,
      0.00058496028278023,
      0.0005742848124355078,
      0.0005690091559663415,
      0.0005661246725358069,
      0.0005610867296345532,
      0.0005551069951616228,
      0.0005509830878581851
    ],
    "val_loss": [
      0.00512671209871769,
      0.0033405030239373446,
      0.0029920861683785916,
      0.00277710429392755,
      0.0025701357796788214,
      0.0022323151864111425,
      0.0017708265408873558,
      0.0014603118831291795,
      0.0012081738468259573,
      0.0010510479938238859,
      0.0009150058357045055,
      0.0009179855836555362,
      0.000774601767770946,
      0.0007691044081002473,
      0.0007318294933065773,
      0.000696567022241652,
      0.0006874868599697948,
      0.0006907886848784983,
      0.0006439652503468096,
      0.0007459781458601356,
      0.0006325238384306431,
      0.0006204803474247455,
      0.0006180053786374629,
      0.0006087134825065732,
      0.0006037804298102856,
      0.0006009940546937287,
      0.0005951805249787867,
      0.0006230089184828103,
      0.0005860457732342184,
      0.0005822053970769048
    ]
  },
  "heatmap_resolution_128": {
    "train_loss": [
      0.030168310375884175,
      0.0012856669370085,
      0.0008823588350787758,
      0.0007850683997385204,
      0.0007259220439009369,
      0.0006797043667174876,
      0.0006410906654782593,
      0.0006078623933717609,
      0.0005785855455324053,
      0.0005503989332355559,
      0.0005238073747605086,
      0.0004995270215440541,
      0.0004775000794325024,
      0.00045830879034474494,
      0.0004405634659342468,
      0.00042261289595626296,
      0.00040574334561824796,
      0.0003891375402454287,
      0.00037306586117483674,
      0.0003581353819463402,
      0.0003448485641274601,
      0.0003309693648479879,
      0.0003199037318117917,
      0.0003098893037531525,
      0.0002998670693486929,
      0.0002909208950586617,
      0.0002813595752231777,
      0.0002756623509339988,
      0.0002650713142938912,
      0.00025880667893216015
    ],
    "val_loss": [
      0.002728526350110769,
      0.0009695984143763781,
      0.0008260400337167085,
      0.0007558308425359428,
      0.0007043056655675172,
      0.0006606142455711961,
      0.0006258712196722627,
      0.0005957981268875301,
      0.0005711281904950738,
      0.0005446637864224612,
      0.0005192727805115282,
      0.0005069809593260289,
      0.0005065787630155683,
      0.00050572011154145,
      0.0004900254099629819,
      0.0004591334506403655,
      0.00043071890017017724,
      0.00043309195898473264,
      0.00038558150408789514,
      0.000374880920862779,
      0.0003460093098692596,
      0.00033846579492092133,
      0.00032609481713734566,
      0.0003154474718030542,
      0.0003305436309892684,
      0.00029895649990066884,
      0.00028899394441396,
      0.00028353566071018574,
      0.0002830193133559078,
      0.00027791415574029087
    ]
  },
  "gaussian_sigma_1.0": {
    "train_loss": [
      0.017445862885564566,
      0.0014029554408043622,
      0.0011200544955208898,
      0.0010392009010538458,
      0.0009904015907086432,
      0.0009529081573709845,
      0.0009199692802503705,
      0.0008885764260776341,
      0.0008584534572437406,
      0.0008337856228463351,
      0.0008118095425888897,
      0.000791220382321626,
      0.000771573391277343,
      0.000753786729183048,
      0.0007288356670178473,
      0.0007046274845488369,
      0.0006760004153475165,
      0.000650200673379004,
      0.0006245545875281095,
      0.0005993016669526696,
      0.0005731130656786263,
      0.0005497411950491369,
      0.000526801424100995,
      0.0005099458901677281,
      0.0004861215595155954,
      0.00046678650518879294,
      0.0004417098464909941,
      0.00042327308771200476,
      0.0004041800876148045,
      0.0003912911561783403
    ],
    "val_loss": [
      0.0018648837972432375,
      0.0011909900046885014,
      0.0010878734337165952,
      0.0010260529769584538,
      0.0009835271281190216,
      0.0009489543177187442,
      0.0009174952399916946,
      0.0008860246650874615,
      0.0008575093047693372,
      0.0008392637898214161,
      0.0008134315256029367,
      0.0007959183026105166,
      0.0007872131024487316,
      0.0007578122382983565,
      0.0007351354649290442,
      0.0007102743699215352,
      0.000689824721775949,
      0.0006712443986907602,
      0.0006406808458268642,
      0.0006053734850138425,
      0.0005764619191177189,
      0.0005611352855339647,
      0.0005317871994338929,
      0.0005248229904100299,
      0.0005022394051775336,
      0.0004826232010964304,
      0.0004513939772732556,
      0.000443199269939214,
      0.00041577338008210064,
      0.00039410530356690285
    ]
  },