{
  "heatmap": {
    "train_loss": [
      0.027115766670554875,
      0.0035392734445631505,
      0.0030286113601177933,
      0.002853990038856864,
      0.0027184644509106876,
      0.002571986123919487,
      0.002370988195762038,
      0.0020643167104572057,
      0.001678157246671617,
      0.0013091014809906484,
      0.0010732485065236687,
      0.0009334548162296414,
      0.0008364097275771201,
      0.0007727714153006672,
      0.0007253569685854018,
      0.0006959427762776614,
      0.0006699257344007492,
      0.0006492200372740627,
      0.0006356237204745412,
      0.0006224521822296083,
      0.0006072672237642109,
      0.0006042480980977416,
      0.0005882925540208816,
      0.0005914530113805085,
      0.0005790643189102411,
      0.0005741909928619861,
      0.000568631180562079,
      0.0005618930431082845,
      0.0005549388914369047,
      0.0005575488898903132
    ],
    "val_loss": [
      0.004002567902207374,
      0.0031538086477667093,
      0.002937579229474068,
      0.0027966297138482333,
      0.0026618091389536856,
      0.0025223474763333797,
      0.0023262679390609266,
      0.002122635440900922,
      0.0016534647718071938,
      0.0013936715805903078,
      0.0011083968495950102,
      0.0009637302719056606,
      0.0008618781226687134,
      0.0008187784743495286,
      0.0007574944500811398,
      0.0007087001344189048,
      0.0007158068916760385,
      0.0006683415709994733,
      0.0006802061013877392,
      0.0006634694873355329,
      0.0006363816512748599,
      0.000642788321711123,
      0.0006315319007262587,
      0.0006288135191425681,
      0.0006254274444654584,
      0.0007199905067682267,
      0.0006280811876058579,
      0.0006084944820031523,
      0.000602625054307282,
      0.0005880045890808105
    ]
  },
  "regression": {
    "train_loss": [
      0.02510926602035761,
      0.01821740584075451,
      0.016695594102144242,
      0.015636049836874007,
      0.01437919133901596,
      0.013204392954707145,
      0.011730914555490017,
      0.011074920386075974,
      0.010754810519516468,
      0.010567547723650933,
      0.010213485017418861,
      0.009966695800423623,
      0.00985649859905243,
      0.00973614901304245,
      0.009702166557312012,
      0.009661635167896747,
      0.009423846501857042,
      0.009676461271941663,
      0.009338563844561576,
      0.009254059314727784,
      0.009299656443297864,
      0.009299692779779434,
      0.009171759679913521,
      0.009002368658781052,
      0.009192426420748233,
      0.009107275545597076,
      0.008988973706960678,
      0.008993686340749265,
      0.00892728964984417,
      0.00906794598698616
    ],
    "val_loss": [
      0.016754313930869104,
      0.01448341429233551,
      0.014725101217627524,
      0.015073817819356919,
      0.014586222693324088,
      0.01177802611142397,
      0.009864831157028676,
      0.01069598238915205,
      0.009758999347686767,
      0.008858884982764721,
      0.00878098826855421,
      0.009294794015586376,
      0.008728494085371494,
      0.009088883213698863,
      0.008783806338906288,
      0.008522536605596542,
      0.008750695884227753,
      0.008937045037746429,
      0.008576715178787709,
      0.008405640870332718,
      0.008660149239003658,
      0.008622308261692524,
      0.008439532592892646,
      0.009260146394371987,
      0.008411446511745453,
      0.008546501100063324,
      0.00880470648407936,
      0.008400489054620265,
      0.010288982391357422,
      0.009150027111172677
    ]
  }
}