{
  "heatmap": {
    "train_loss": [
      0.019012015625834464
    ],
    "val_loss": [
      0.0038570958282798527
    ]
  },
  "regression": {
    "train_loss": [
      0.02382729735970497
    ],
    "val_loss": [
      0.01868397891521454
    ]
  }
}