{
  "heatmap": {
    "train_loss": [
      0.04060391502827406,
      0.003796931330114603,
      0.003025618057698011,
      0.0027879625521600245,
      0.002618170600384474,
      0.0024320572055876255,
      0.002121893704868853,
      0.0016726809656247496,
      0.0013223501918837428,
      0.0010794420698657632,
      0.0009370502359233796,
      0.0008476029271259904,
      0.0007771481205709279,
      0.0007412176374346018,
      0.000703663585241884,
      0.0006788912964984775,
      0.000671285716816783,
      0.000643646246753633,
      0.0006315468368120491,
      0.0006137167308479548,
      0.000604277404025197,
      0.0005938172778114677,
      0.0005869821100495756,
      0.0005783265116624534,
      0.0005724387681111694,
      0.0005681416345760227,
      0.0005657459385693073,
      0.0005597752509638668,
      0.0005559620258864015,
      0.0005529570658691227
    ],
    "val_loss": [
      0.006218231990933418,
      0.003221220402047038,
      0.002897302592173219,
      0.0027142069302499294,
      0.0025733478367328646,
      0.0024031808413565157,
      0.0022645671758800747,
      0.0016926803160458802,
      0.0012790007144212723,
      0.001013873927295208,
      0.001108352681621909,
      0.000829306470695883,
      0.0009137205011211335,
      0.0008033404755406081,
      0.0007029267330653966,
      0.0007836727937683463,
      0.0006845413451083004,
      0.0006966957589611411,
      0.000646800638642162,
      0.0006587513512931764,
      0.000631178617477417,
      0.0006127170124091208,
      0.000616555952001363,
      0.000600480840075761,
      0.0006099522346630692,
      0.0005936157773248852,
      0.0005925744771957397,
      0.000606227177195251,
      0.0005875067971646786,
      0.0005830528936348855
    ]
  },
  "regression": {
    "train_loss": [
      0.022138699144124984,
      0.017165773816406726,
      0.015584490805864335,
      0.014606593057513237,
      0.013105904176831246,
      0.011778147853910924,
      0.010943615712225437,
      0.010569493405520916,
      0.010615833207964897,
      0.009927813872694969,
      0.009967264890670777,
      0.009920996010303497,
      0.009706032887101174,
      0.009415878936648369,
      0.00918403333798051,
      0.00929234440624714,
      0.009399881187826396,
      0.009378457084298134,
      0.009171413242816924,
      0.009160612627863884,
      0.009081854060292244,
      0.008985293999314308,
      0.00887478744238615,
      0.008931638956069946,
      0.008935223720967769,
      0.008903536431491376,
      0.008777355946600437,
      0.00872317498922348,
      0.00829529496282339,
      0.008430659115314484
    ],
    "val_loss": [
      0.018837347477674484,
      0.014370243921875954,
      0.015336545035243034,
      0.014135770797729492,
      0.013691090121865273,
      0.010455581843852996,
      0.010091953836381435,
      0.01078498587012291,
      0.008946527354419231,
      0.008732920102775097,
      0.008859429582953453,
      0.008572538644075393,
      0.00848017018288374,
      0.008655829541385173,
      0.009679314829409123,
      0.008359963521361351,
      0.008987436443567276,
      0.00885498769581318,
      0.008437247984111308,
      0.00933646820485592,
      0.008519123271107674,
      0.008363040983676911,
      0.008793692849576474,
      0.008055371288210154,
      0.008130729012191296,
      0.008376799561083316,
      0.007893754616379738,
      0.007698865309357643,
      0.007392996735870838,
      0.007994202449917793
    ]
  }
}